Requirement,Human Value Category
Users must be able to log in using a secure authentication system,Security
The system should support two-factor authentication for enhanced security,Security
Customers can browse products without creating an account,Self-Direction
Users must be able to reset their passwords via email verification,Security
Admins can manage user roles and permissions,Power
The platform must allow customers to leave reviews and ratings,Self-Expression
AI-based recommendations should personalize user experience,Hedonism
Users can request account deletion along with their personal data,Self-Direction
The system should provide real-time fraud detection alerts,Security
The application must support multiple payment options including digital wallets,Universalism
A chatbot should be available for customer support 24/7,Benevolence
The website must support multiple languages for global accessibility,Universalism
Users must receive email notifications for transaction updates,Security
The system should automatically log out inactive users after 15 minutes,Security
Customers must be able to track their orders in real time,Security
Employees must complete mandatory cybersecurity training annually,Security
The platform should allow refunds to be processed within 5 business days,Benevolence
The system must comply with GDPR data protection regulations,Security
A dark mode feature should be available for accessibility,Universalism
Users should be able to customize notification preferences,Self-Direction
"The search function must support filters by price, category, and ratings",Self-Direction
The system should allow integration with third-party APIs,Achievement
Employees can submit time-off requests through the HR portal,Benevolence
Users should be notified of policy updates and changes,Security
The software should support offline mode for key functionalities,Self-Direction
The application should support voice commands for navigation,Universalism
Customers can schedule appointments through the platform,Self-Direction
The system should prevent duplicate user registrations,Security
Admins can generate detailed user activity reports,Power
Employees can request remote work approval through the system,Self-Direction
The system must be scalable to support 1 million concurrent users,Achievement
The website should load within 2 seconds under normal conditions,Achievement
The mobile app should consume minimal battery power,Achievement
The software should maintain an uptime of 99.9%,Security
Data backups must be performed every 24 hours,Security
The system should comply with WCAG accessibility guidelines,Universalism
User data should be encrypted both in transit and at rest,Security
"The application must work on Windows, macOS, and Linux",Universalism
The platform should be optimized for low-bandwidth connections,Universalism
Error messages must be user-friendly and actionable,Benevolence
Customers should have the option to subscribe to a premium membership,Achievement
The system should support dynamic pricing based on market trends,Achievement
The platform should support targeted advertisements,Achievement
User engagement metrics should be tracked for business analysis,Achievement
A loyalty points system should reward frequent customers,Stimulation
Organizations must have the ability to white-label the software,Power
The system should support cross-platform integrations with other tools,Achievement
Customers should be able to share product links via social media,Self-Expression
Users must be able to donate to charity via the platform,Benevolence
The software should provide insights on customer behavior trends,Achievement
The system should allow digital signature integration for contracts,Security
The application should support multi-user collaboration on documents,Benevolence
Users should be able to compare products side by side,Self-Direction
Customers can request a callback from customer support,Benevolence
The software should integrate with calendar applications for scheduling,Self-Direction
The platform should offer AI-driven chat summarization,Achievement
The system should detect and prevent duplicate transaction attempts,Security
Users can report inappropriate content directly in the app,Security
The system should notify users when their subscription is about to expire,Benevolence
Users should have an option to download invoices in PDF format,Self-Direction
The platform must allow businesses to set operational hours,Self-Direction
Admins should have dashboard access to key system metrics,Power
The platform should auto-generate reports on user activity,Achievement
Employees should be able to swap work shifts via the app,Benevolence
The system should operate with minimal downtime during updates,Security
API requests should respond within 200ms under normal load,Achievement
The platform should support adaptive streaming for videos,Achievement
System logs should be archived for at least five years,Security
User profiles should load within 1 second on average,Achievement
The application should include offline caching for key functions,Self-Direction
The platform should allow limited free trials before requiring payment,Achievement
The system should provide automated invoice reminders,Conformity
Companies should be able to set user access limits based on tiers,Power
The system should offer referral rewards to users,Stimulation
The platform should provide AI-driven sales predictions,Achievement
Users should receive recommendations based on purchase history,Hedonism
The software should provide monthly analytics reports to businesses,Achievement
Admins should be able to categorize customers based on behavior,Power
The system should provide sentiment analysis on customer reviews,Achievement
Businesses should have an option to run seasonal promotions,Achievement
Customers should have an option to schedule auto-renewals,Self-Direction
The system should allow bulk purchasing with tiered discounts,Achievement
The platform should provide fraud risk analysis for transactions,Security
AI should detect potential customer churn based on activity,Achievement
The platform should support crowdfunding campaigns for startups,Benevolence
The system should allow organizations to collect anonymous feedback,Power
The platform should allow users to filter notifications by type,Self-Direction
Customers should be able to switch between dark and light modes,Self-Direction
The software should support drag-and-drop functionality,Self-Direction
The system should allow quick one-click ordering,Hedonism
Users should be able to customize dashboard layouts,Self-Direction
The platform should automatically apply promo codes,Benevolence
The system should allow multi-step verification for admins,Security
The system should include an AI-based resume parser for HR tools,Achievement
Users should be able to customize alerts for key system events,Self-Direction
The system should offer tax calculation features for businesses,Achievement
Users should be able to schedule automated report generation,Self-Direction
The platform should allow businesses to track expenses,Achievement
Users should receive insights on best-performing products,Achievement
The system should support AI-driven competitor analysis,Achievement
Users must be able to register using email and social media accounts,Self-Direction
The platform must provide password strength indicators,Security
Users should be able to edit their profile details,Self-Direction
Customers must have the ability to reset their password via OTP,Security
The system should automatically log out users after 30 minutes of inactivity,Security
Users should be able to create and manage wishlists,Hedonism
The application should allow importing contacts for invitations,Self-Direction
The platform must include a multi-step form for new user registration,Conformity
Users must be notified of failed login attempts,Security
The system should provide detailed order tracking statuses,Security
Users must be able to share posts within the platform,Self-Expression
Admins should be able to broadcast system-wide announcements,Power
The software should allow bulk file uploads,Self-Direction
Customers should have access to saved payment methods,Self-Direction
The system should provide dynamic pricing based on demand,Achievement
Users should be able to follow and interact with other users,Self-Expression
The application should have a feature to generate invoices automatically,Achievement
Businesses must be able to create and manage discount codes,Power
The software should support one-click checkout for repeat customers,Hedonism
Users must be able to block and report suspicious accounts,Security
The system should provide a dashboard for transaction history,Self-Direction
Users should receive push notifications for important updates,Security
The platform should provide an integrated chat feature,Benevolence
Users must be able to download reports in CSV format,Self-Direction
The application should have an activity feed showing recent actions,Self-Direction
The system should automatically categorize uploaded documents,Achievement
Customers must be able to leave anonymous reviews,Self-Expression
The platform should allow custom tagging for items,Self-Direction
Users should be able to export data in PDF format,Self-Direction
The system should support third-party login authentication,Self-Direction
The application must be mobile-responsive,Universalism
"The platform must support at least 100,000 concurrent users",Achievement
The website should be optimized for accessibility compliance,Universalism
The software should operate efficiently on low-end devices,Universalism
The database should automatically scale with increased demand,Achievement
The application must function smoothly with weak internet connections,Universalism
System performance must be monitored in real time,Security
The application should provide offline access for select features,Self-Direction
The platform must meet industry compliance standards,Conformity
All server logs should be archived for at least three years,Security
Users must be able to subscribe to premium features,Achievement
The system should offer personalized marketing suggestions,Achievement
Companies must be able to run analytics on customer behaviors,Achievement
The platform should offer commission-based referral programs,Stimulation
Organizations must be able to sell digital products,Achievement
The system should allow businesses to schedule promotional campaigns,Achievement
Admins must be able to generate financial reports,Power
The platform should provide recommendations based on browsing history,Hedonism
Users should have access to exclusive members-only content,Power
The application should allow influencer partnerships,Achievement
The system should support multi-factor authentication,Security
The application should enable geolocation-based recommendations,Hedonism
Users should be able to schedule reminders for important tasks,Self-Direction
The platform should integrate seamlessly with external calendars,Self-Direction
The system should allow users to create sub-accounts,Self-Direction
Users should be able to customize theme settings,Self-Direction
The application should include AI-based fraud detection,Security
The platform must allow automated recurring billing,Conformity
Customers must have an option to request refunds via the portal,Self-Direction
Users should be able to reorder past purchases quickly,Hedonism
The system should support user-generated polls and surveys,Self-Expression
Users must be able to transfer credits between accounts,Self-Direction
The platform should allow keyword-based search filtering,Self-Direction
Customers must be able to provide structured feedback,Self-Expression
System response time should be under 200ms,Achievement
The application must ensure 99.9% uptime,Security
The software should automatically back up data daily,Security
The platform must use SSL encryption for all communications,Security
User sessions must expire after prolonged inactivity,Security
The system should support IPv6 for future compatibility,Achievement
The platform should support API access for enterprise clients,Achievement
The software must support multi-currency transactions,Universalism
Organizations must be able to purchase software licenses in bulk,Achievement
The system should provide insights into customer spending habits,Achievement
Companies should be able to generate marketing performance reports,Achievement
Businesses must have the ability to flag fraudulent activities,Security
The platform should allow international shipping rate calculations,Universalism
Admins should be able to track employee usage statistics,Power
The system should allow businesses to configure automated messages,Achievement
Organizations should have the ability to perform A/B testing,Achievement
Users must be able to generate QR codes for sharing content,Self-Direction
The application should allow secure file sharing with expiration settings,Security
The platform should include a custom dashboard feature,Self-Direction
The system should allow anonymous browsing for privacy-conscious users,Self-Direction
Users should be able to schedule automatic data exports,Self-Direction
Companies must be able to manage multiple storefronts,Power
The system should provide monthly performance reports,Achievement
Businesses should have an option to implement flexible pricing tiers,Achievement
The platform should support blockchain-based payment verification,Security
Users should be able to import and export contact lists,Self-Direction
The application should provide smart contract signing capabilities,Security
The platform should include a reward-based engagement system,Stimulation
Customers must be able to escalate support tickets,Benevolence
The system should integrate with major CRM solutions,Achievement
The platform must allow document collaboration in real time,Benevolence
Organizations should be able to conduct market research surveys,Achievement
Companies should have the ability to customize reports,Self-Direction
The platform should allow businesses to analyze conversion rates,Achievement
Users should receive AI-driven stock level predictions,Achievement
The system should support real-time auction bidding,Stimulation
"The system should enable real-time collaboration among users, improving teamwork and productivity.","Benevolence, Achievement"
The software must have a dark mode to reduce eye strain and support user comfort.,"Hedonism, Self-Direction"
The system must ensure high availability with a 99.99% uptime for critical services.,"Security, Power"
The software should allow for customizable notifications to help users stay informed about important updates.,"Self-Direction, Achievement"
The system must provide users with the option to encrypt sensitive personal information.,"Security, Universalism"
The software should support multi-language functionality to increase global accessibility.,"Universalism, Equality"
The system must allow users to integrate with other platforms for data synchronization.,"Self-Direction, Achievement"
The application should provide robust data analysis tools to support decision-making.,"Power, Achievement"
The software should enable users to track their environmental impact and suggest ways to reduce it.,"Universalism, Benevolence"
The system must include a user-friendly interface that is accessible to people with various disabilities.,"Universalism, Equality"
The application must allow users to create custom reports based on their specific needs.,"Self-Direction, Achievement"
The software should include an automatic update feature to keep the system secure and up-to-date.,"Security, Tradition"
The system must support integration with third-party authentication systems for easier login.,"Benevolence, Self-Direction"
The software should allow users to track and manage their goals with progress visualization tools.,"Achievement, Self-Direction"
The system must support secure online transactions and payments for e-commerce applications.,"Security, Power"
The software should allow users to create and manage tasks within project management tools.,"Achievement, Power"
The system must ensure privacy and confidentiality by providing user-controlled data access.,"Security, Universalism"
The application should enable users to create and share public project portfolios.,"Benevolence, Self-Direction"
The software should provide users with a recommendation engine to suggest relevant content.,"Stimulation, Achievement"
The system must support seamless file sharing with various devices and platforms.,"Self-Direction, Achievement"
The software should provide real-time error reporting to improve system reliability.,"Security, Power"
The system should allow users to participate in community forums to share knowledge and experiences.,"Benevolence, Universalism"
The software should include built-in tools for mental health and stress management.,"Hedonism, Benevolence"
The system must support automated backups to prevent data loss.,"Security, Tradition"
The software should allow users to receive feedback on their work from peers and supervisors.,"Achievement, Benevolence"
The system must include a feature for tracking customer satisfaction through surveys.,"Benevolence, Achievement"
The software should allow users to schedule meetings and appointments with calendar integration.,"Self-Direction, Achievement"
The system must support advanced search functionality to allow users to find relevant information quickly.,"Self-Direction, Power"
The software should enable users to track the progress of tasks and projects in real-time.,"Achievement, Power"
The system must include features to facilitate time tracking for project management.,"Achievement, Security"
The software should allow users to set reminders for important deadlines and milestones.,"Achievement, Self-Direction"
The system must include a feature to allow users to comment and discuss projects with team members.,"Benevolence, Tradition"
The software should provide tools to assess user skills and suggest relevant courses for professional development.,"Self-Direction, Achievement"
The system should allow users to store and organize documents securely in a cloud-based platform.,"Security, Self-Direction"
The software must allow users to set personal preferences for the user interface.,"Self-Direction, Hedonism"
The system should provide automated notifications for important updates related to ongoing projects.,"Achievement, Security"
The software should include tools to assess the impact of different business strategies on performance.,"Achievement, Power"
The system must allow users to categorize tasks and projects based on priority.,"Achievement, Self-Direction"
The software should allow users to send and receive secure messages within the platform.,"Security, Benevolence"
The system must include features for managing user roles and permissions within teams.,"Power, Security"
The software should allow users to create custom workflows for task automation.,"Self-Direction, Achievement"
The system must be able to detect and prevent unauthorized access to user accounts.,"Security, Power"
The software should allow users to track their financial goals and manage budgets.,"Self-Direction, Achievement"
The system must provide multilingual support for global teams and international users.,"Universalism, Equality"
The software should include an onboarding process that helps new users get started with the platform.,"Benevolence, Tradition"
The system must support easy integration with cloud services for data storage and sharing.,"Self-Direction, Power"
The software should allow users to monitor and control system performance in real-time.,"Power, Achievement"
The system should allow users to share files and collaborate on documents in real-time.,"Benevolence, Self-Direction"
The software must support different time zones to accommodate global teams.,"Universalism, Equality"
"The system should have an intuitive, user-friendly design for quick adoption by new users.","Self-Direction, Stimulation"
The software should include a feature for tracking employee performance against set goals.,"Achievement, Power"
The system must allow users to securely upload and store personal documents.,"Security, Self-Direction"
The software should provide users with insights into their daily work habits to help improve productivity.,"Self-Direction, Achievement"
The system should allow users to customize their notification preferences for a better experience.,"Self-Direction, Hedonism"
The software should provide tools for tracking social media engagement to improve marketing efforts.,"Achievement, Stimulation"
The system should support custom reporting based on different user roles and access levels.,"Power, Security"
The software should provide tools for analyzing user behavior and predicting future needs.,"Achievement, Stimulation"
The system should have an automatic mode that adjusts based on user preferences for better performance.,"Self-Direction, Hedonism"
The software should allow users to track team performance and make adjustments as necessary.,"Power, Achievement"
The system must allow users to share updates with stakeholders in a secure and organized manner.,"Security, Benevolence"
The software should include tools for monitoring and improving employee engagement.,"Benevolence, Achievement"
The system should have a robust data import and export functionality for better data management.,"Self-Direction, Achievement"
The software must allow users to easily manage subscription services and account settings.,"Self-Direction, Security"
The system should include tools for data visualization to help users make better business decisions.,"Power, Achievement"
The software should allow users to monitor real-time performance metrics and identify areas for improvement.,"Power, Achievement"
The system must allow users to filter content based on preferences and relevant topics.,"Self-Direction, Hedonism"
The software should support integration with third-party apps to streamline workflows.,"Self-Direction, Power"
The system must provide tools to automate repetitive tasks to improve efficiency.,"Self-Direction, Achievement"
The software should have features for organizing and tagging files for easier retrieval.,"Self-Direction, Security"
The system must allow users to create and manage a list of preferred vendors and partners.,"Achievement, Power"
The software should allow users to review and evaluate project progress based on key performance indicators (KPIs).,"Achievement, Power"
The system should support multiple user roles with different access permissions.,"Power, Security"
The software must include features for securely sharing confidential documents with clients and partners.,"Security, Benevolence"
The system should enable users to create and manage their personal task list for increased productivity.,"Self-Direction, Achievement"
The software should allow users to manage tasks by assigning them to different team members.,"Achievement, Power"
The system must allow users to track their time spent on various tasks for better time management.,"Achievement, Security"
The software should include tools for organizing and categorizing emails based on urgency and importance.,"Self-Direction, Achievement"
The system must have an easy-to-use interface for creating and managing project timelines.,"Self-Direction, Achievement"
The software should allow users to prioritize tasks and goals to align with overall project objectives.,"Achievement, Power"
The system must allow users to track progress on goals and provide reminders for upcoming deadlines.,"Achievement, Self-Direction"
The software should allow users to receive personalized content recommendations based on past activity.,"Hedonism, Self-Direction"
The system must include a feature to assess the quality of project deliverables against set standards.,"Achievement, Power"
The software should provide analytics on team collaboration patterns to identify improvement areas.,"Achievement, Power"
The system must include tools for efficient document management and version control.,"Self-Direction, Security"
The software should support time zone synchronization for global teams.,"Universalism, Equality"
The system must allow users to set custom alerts for specific business processes and operations.,"Self-Direction, Power"
The software should include tools for evaluating employee performance and setting future goals.,"Achievement, Power"
The system should allow users to upload and store media files securely.,"Security, Self-Direction"
The software must include a system for tracking the progress of business goals over time.,"Achievement, Power"
The system should include options to customize the visual appearance based on user preferences.,"Self-Direction, Hedonism"
The software should provide tools for measuring customer engagement and satisfaction.,"Achievement, Benevolence"
The system must support data encryption to ensure secure user transactions and communications.,"Security, Power"
The software should provide an easy way to track software updates and install patches as needed.,"Security, Tradition"
The system should allow users to create custom data dashboards for personalized reporting.,"Self-Direction, Achievement"
The software should include a user interface for managing user settings and preferences.,"Self-Direction, Hedonism"
The system must allow users to track personal and team goals through visual progress indicators.,"Achievement, Self-Direction"
The software should allow users to securely back up and recover data in case of system failure.,"Security, Tradition"
"The system should include customizable options for project management tools, like task assignment and deadlines.","Self-Direction, Achievement"
The software must provide tools for tracking the progress of key projects and initiatives.,"Achievement, Power"
"The game should autosave progress every 5 minutes.","Security"
"Players must be able to customize their character's appearance.","Self-Direction"
"The game should support cross-platform multiplayer functionality.","Universalism"
"Implement an anti-cheat system to ensure fair gameplay.","Security"
"Provide an in-game tutorial for new players.","Benevolence"
"The game must include subtitles for all dialogue.","Universalism"
"Enable users to remap controls for accessibility.","Universalism"
"Support modding by providing an API and documentation.","Self-Direction"
"Include a parental control system to restrict content.","Security"
"Ensure low latency in online multiplayer matches.","Hedonism"
"Provide regular updates with new content and bug fixes.","Stimulation"
"Allow players to report toxic behavior in-game.","Security"
"Offer a variety of difficulty settings.","Self-Direction"
"Ensure a balanced matchmaking system.","Security"
"Include an achievement system to reward players.","Achievement"
"Provide a photo mode for capturing in-game moments.","Hedonism"
"Offer cloud save functionality.","Security"
"Ensure the game runs smoothly on low-end hardware.","Benevolence"
"Implement realistic physics for interactions.","Stimulation"
"Allow players to form and manage in-game guilds.","Benevolence"
"Provide multiple endings based on player choices.","Self-Direction"
"Ensure minimal loading times between levels.","Hedonism"
"Include voice chat with mute and block options.","Security"
"Support local split-screen multiplayer.","Universalism"
"Add customizable HUD options.","Self-Direction"
"Provide real-time weather effects in open-world environments.","Stimulation"
"Include a spectator mode for esports events.","Achievement"
"Ensure game updates do not disrupt ongoing matches.","Security"
"Enable players to trade in-game items securely.","Security"
"Offer an optional permadeath mode for hardcore players.","Self-Direction"
"Include a dynamic soundtrack that reacts to gameplay.","Hedonism"
"Ensure fair microtransactions without pay-to-win mechanics.","Universalism"
"Allow offline play for single-player modes.","Security"
"Provide an interactive world map with waypoints.","Self-Direction"
"Implement AI-driven NPC behavior for realism.","Stimulation"
"Ensure game mechanics encourage teamwork in multiplayer.","Benevolence"
"Allow custom user-generated content within community guidelines.","Self-Direction"
"Offer daily and weekly challenges.","Achievement"
"Provide feedback surveys to improve game features.","Benevolence"
"Include real-time physics-based destruction.","Stimulation"
"Ensure immersive VR support where applicable.","Stimulation"
"Enable adaptive difficulty based on player skill.","Self-Direction"
"Support customizable skins and cosmetic items.","Hedonism"
"Ensure a well-balanced in-game economy.","Security"
"Allow players to switch between first-person and third-person views.","Self-Direction"
"Offer deep lore and world-building elements.","Universalism"
"Ensure comprehensive anti-piracy measures.","Security"
"Include a replay system for reviewing past matches.","Achievement"
"Provide extensive modding tools for creativity.","Self-Direction"
"Ensure the user interface is intuitive and non-intrusive.","Universalism"
"Allow real-time interaction with a dynamic environment.","Stimulation"
"Support controller vibration feedback.","Hedonism"
"Include leaderboards for competitive play.","Achievement"
"Ensure diverse character representation.","Universalism"
"Provide a sandbox mode with unlimited resources.","Self-Direction"
"Support cross-save functionality between platforms.","Security"
"Enable real-time voice recognition for in-game commands.","Stimulation"
"Offer player-driven economy mechanics.","Achievement"
"Ensure engaging NPC dialogue with branching choices.","Universalism"
"Implement ray tracing for realistic lighting.","Stimulation"
"Allow players to manage in-game businesses.","Achievement"
"Offer seamless integration with streaming platforms.","Achievement"
"Provide co-op campaigns with shared progression.","Benevolence"
"Ensure a captivating main story with side quests.","Universalism"
"Enable interactive AI companions with unique personalities.","Benevolence"
"Support dual-language subtitles.","Universalism"
"Include customizable difficulty scaling.","Self-Direction"
"Ensure procedural generation for endless replayability.","Stimulation"
"Implement time-based seasonal events.","Stimulation"
"Allow players to create and host private servers.","Self-Direction"
"Include cinematic cutscenes with high production value.","Hedonism"
"Offer collectible lore entries and journals.","Universalism"
"Support full controller and keyboard remapping.","Universalism"
"Enable an economy system with supply and demand mechanics.","Achievement"
"Provide an option for speedrunning modes.","Achievement"
"Ensure enemy AI adapts to player strategies.","Stimulation"
"Include an advanced photo mode with filters and effects.","Hedonism"
"Offer different movement styles (e.g., parkour, climbing).","Stimulation"
"Support proximity-based voice chat for realism.","Benevolence"
"Ensure a robust reporting and banning system for toxicity.","Security"
"Allow extensive character backstory customization.","Self-Direction"
"Provide a highly interactive open world with emergent gameplay.","Stimulation"
"Offer a roguelike mode with procedurally generated content.","Stimulation"
"Include a time manipulation mechanic in gameplay.","Stimulation"
"Ensure game settings are fully customizable.","Universalism"
"Enable full voice acting for immersive storytelling.","Universalism"
"Include AI-driven dynamic difficulty adjustment.","Self-Direction"
"Provide secret unlockable content and Easter eggs.","Hedonism"
"Support in-game photography contests.","Achievement"
"Offer unique questlines based on player actions.","Self-Direction"
"Ensure competitive play modes with ranked matchmaking.","Achievement"
"Enable realistic weather patterns affecting gameplay.","Stimulation"
"Provide multiple gameplay styles (stealth, combat, diplomacy).","Self-Direction"
"Include haptic feedback for an immersive experience.","Stimulation"
"Ensure randomized encounters for variety.","Stimulation"
"Offer extensive character skill trees and progression.","Achievement"
"The system shall honor cultural ceremonies in user scheduling options","Tradition"
"User profiles must include fields for family lineage information","Tradition"
"The software shall provide quiet hours during religious observances","Tradition,Conformity"
"Content filters shall respect ancestral taboos in search results","Tradition,Security"
"Interface design shall incorporate symbols meaningful to cultural heritage","Tradition"
"The platform shall enable ritual-based reminders for users","Tradition"
"User agreements must acknowledge respect for community customs","Tradition,Conformity"
"The system shall support intergenerational content sharing","Tradition,Benevolence"
"Notification systems must respect sacred time periods","Tradition"
"User experience shall incorporate reverence for established practices","Tradition"
"Community features must enable preservation of shared customs","Tradition"
"The system shall incorporate elder wisdom in content moderation","Tradition,Security"
"Privacy settings shall protect culturally significant information","Tradition,Security"
"The platform must accommodate ceremonial calendar integrations","Tradition"
"User feedback mechanisms shall respect hierarchical social structures","Tradition,Power"
"The system shall support heritage preservation through archiving features","Tradition"
"Content sharing must include options for maintaining cultural continuity","Tradition"
"The software shall provide frameworks for passing down community knowledge","Tradition,Benevolence"
"Authentication systems shall respect ancestral identity verification methods","Tradition,Security"
"The platform must allow for devotional practices in user scheduling","Tradition"
"Recommendation algorithms shall prioritize content aligned with cultural values","Tradition"
"The system shall enable commemoration of historical events significant to user groups","Tradition"
"User interfaces must incorporate respect for sacred symbols","Tradition"
"Communication features shall support proper honorifics and formal address","Tradition,Conformity"
"The software shall recognize family roles in permission structures","Tradition,Security"
"Content creation tools must respect cultural ownership concepts","Tradition,Universalism"
"The system shall enable seasonal ritual planning for communities","Tradition"
"User profiles shall include options for indicating reverence for predecessors","Tradition"
"The platform must support custom etiquette in communication channels","Tradition,Conformity"
"The system shall allow for preservation of folk wisdom through dedicated spaces","Tradition"
"Moderation policies must respect established community hierarchies","Tradition,Power"
"The software shall incorporate cultural heritage in visual design elements","Tradition"
"User privacy shall protect ritual participation information","Tradition,Security"
"The platform must allow for preservation of linguistic traditions in communication","Tradition,Universalism"
"The system shall support genealogical record-keeping","Tradition,Security"
"Content filters must respect cultural sensitivities around sacred topics","Tradition,Conformity"
"The software shall enable community elders to curate shared knowledge","Tradition,Power"
"User engagement metrics shall recognize value in ceremony participation","Tradition"
"The platform must support cultural continuity through guided onboarding","Tradition"
"The system shall integrate ancestor recognition in user profiles","Tradition"
"The software shall provide heritage-based content categorization","Tradition"
"User interfaces must respect generational knowledge transfer patterns","Tradition"
"The platform shall support customary greeting conventions","Tradition,Conformity"
"The system must enable preservation of oral histories through recording features","Tradition"
"Content moderation shall defer to established communal wisdom","Tradition,Conformity"
"The software shall incorporate cyclical time concepts in scheduling","Tradition"
"User experience design must respect established social order in interactions","Tradition,Power"
"The platform shall support preservation of craftsmanship through specialized tools","Tradition"
"The system must allow for ritual-based community gatherings","Tradition,Benevolence"
"Content archiving shall prioritize cultural continuity for future generations","Tradition"
"The software must respect familial authority in permission structures","Tradition,Power"
"User onboarding shall incorporate respect for established ways","Tradition"
"The platform must support preservation of collective memory through features","Tradition"
"The system shall accommodate ceremonial timing in notification systems","Tradition"
"Search algorithms must give weight to time-honored content","Tradition"
"The software shall support respect for sacred spaces through location features","Tradition"
"User interfaces must accommodate multi-generational usage patterns","Tradition,Universalism"
"The platform shall enable preservation of cultural aesthetics","Tradition,Hedonism"
"The system must respect lineage in community organization features","Tradition,Power"
"Content creation shall support transmission of cultural narratives","Tradition"
"The software must enable commemorative practices through calendar features","Tradition"
"User profiles shall include options for ceremonial roles recognition","Tradition"
"The platform must support cultural formalities in communication channels","Tradition,Conformity"
"The system shall protect heritage-specific intellectual property","Tradition,Security"
"Content recommendations shall respect cultural succession patterns","Tradition"
"The software must incorporate respect for ritual timing in notifications","Tradition"
"User interfaces shall accommodate reverence for established institutions","Tradition,Conformity"
"The platform must support cross-generational teaching through dedicated features","Tradition,Benevolence"
"The system shall enable preservation of community-specific customs","Tradition"
"Content filtering shall respect sacred boundaries in information sharing","Tradition,Security"
"The software must support ancestral commemoration features","Tradition"
"User experience shall incorporate cultural calendar awareness","Tradition"
"The platform must allow for preservation of ceremonial sequences","Tradition"
"The system shall support communal values in content prioritization","Tradition,Benevolence"
"Messaging features must accommodate ritual greetings and closings","Tradition,Conformity"
"The software shall enable cultural continuity through knowledge sharing tools","Tradition"
"User profiles must include options for honoring familial connections","Tradition,Benevolence"
"The platform shall respect sacred timing in system operations","Tradition"
"The system must support preservation of cultural practices through templates","Tradition"
"Content organization shall accommodate generational knowledge structures","Tradition"
"The software must recognize ceremonial timing in scheduling functions","Tradition"
"User interfaces shall incorporate respect for communal decision-making","Tradition,Benevolence"
"The platform must support preservation of cultural etiquette in interactions","Tradition,Conformity"
"The system shall enable cultural identity preservation through personalization","Tradition"
"Notification systems must respect ceremonial silence periods","Tradition"
"The software shall incorporate respect for cultural tempo in timing functions","Tradition"
"User experience must accommodate deference to community elders","Tradition,Power"
"The platform shall enable preservation of cultural narratives through sharing tools","Tradition"
"The system must support intergenerational mentoring features","Tradition,Benevolence"
"Content filters shall respect ancestral values in information display","Tradition"
"The software must incorporate cultural heritage awareness in algorithms","Tradition"
"User interfaces shall support reverence for established practices","Tradition"
"The platform must enable preservation of family connections through dedicated tools","Tradition,Benevolence"
"The system shall accommodate ceremonial structure in community forums","Tradition"
"Search functions must respect cultural priorities in result ranking","Tradition"
"The software shall support heritage preservation through backup features","Tradition,Security"
"User profiles must include options for indicating cultural continuity","Tradition"
"The platform shall enable preservation of ritual sequences in process flows","Tradition"
"The system must express personal opinions freely without organizational restrictions","Self-Expression"
"The application must allow users to customize their profiles with unique elements","Self-Expression"
"The platform must enable users to share original creative content without censorship","Self-Expression"
"The system must provide tools for users to design personalized dashboards","Self-Expression"
"The platform must allow individuals to maintain distinct online identities","Self-Expression"
"The system must support user-defined color schemes and visual themes","Self-Expression"
"The platform must enable free-form commenting on all shared content","Self-Expression"
"The system must allow unrestricted tagging of content with user-generated terms","Self-Expression"
"The application must permit users to create custom workflows reflecting their processes","Self-Expression"
"The platform must enable free expression through customizable avatars","Self-Expression"
"The system must allow unrestricted expression in feedback mechanisms","Self-Expression"
"The platform must provide open forums for uncensored discussion on all topics","Self-Expression"
"The system must enable personal annotation of shared documents","Self-Expression"
"The application must allow users to develop and share custom automation scripts","Self-Expression"
"The platform must support user-generated content categories and taxonomies","Self-Expression"
"The system must allow personalized notification sounds and alerts","Self-Expression"
"The platform must enable user-defined templates for recurring content","Self-Expression"
"The system must support custom keyboard shortcuts defined by users","Self-Expression"
"The application must allow unrestricted emoji usage in all communications","Self-Expression"
"The platform must enable users to create custom reaction options","Self-Expression"
"The system must support personal signatures in all communications","Self-Expression"
"The platform must allow users to create and share custom visualizations","Self-Expression"
"The system must enable personalized audio messages in communications","Self-Expression"
"The application must support user-defined tags for resource categorization","Self-Expression"
"The platform must allow users to create custom fields in databases","Self-Expression"
"The system must support personalized formatting in all text fields","Self-Expression"
"The platform must enable custom branding on user-generated content","Self-Expression"
"The system must allow personal annotations on shared calendars","Self-Expression"
"The application must support user-defined categories for content organization","Self-Expression"
"The platform must allow customization of notification preferences","Self-Expression"
"The system must support personal notes visible only to the creator","Self-Expression"
"The platform must enable user-defined filters for content discovery","Self-Expression"
"The system must allow personalized landing pages for each user","Self-Expression"
"The application must support user-designed report formats","Self-Expression"
"The platform must enable custom labeling of shared resources","Self-Expression"
"The system must support personal bookmarking with custom annotations","Self-Expression"
"The platform must allow user-defined abbreviations and shortcuts","Self-Expression"
"The system must enable creative problem-solving through unstructured tools","Self-Expression"
"The application must allow personal commentary on shared analytics","Self-Expression"
"The platform must support custom naming conventions for files and folders","Self-Expression"
"The system must enable user-defined terminology in interface elements","Self-Expression"
"The platform must allow personalized email signatures","Self-Expression"
"The system must support custom status messages in user profiles","Self-Expression"
"The application must allow user-defined taxonomies for knowledge management","Self-Expression"
"The platform must enable personal portfolios for showcasing work","Self-Expression"
"The system must support custom widgets on user dashboards","Self-Expression"
"The platform must allow personalized greetings in automated responses","Self-Expression"
"The system must enable user-designed layouts for printed materials","Self-Expression"
"The application must support custom metadata fields for all content","Self-Expression"
"The platform must allow personal statements on public profiles","Self-Expression"
"The system must enable user-defined accessibility accommodations","Self-Expression"
"The platform must support custom display names different from legal names","Self-Expression"
"The system must allow personal narratives in project documentation","Self-Expression"
"The application must enable unique identifier creation for personal reference","Self-Expression"
"The platform must support user-defined content moderation preferences","Self-Expression"
"The system must allow custom organization of menu items and tools","Self-Expression"
"The platform must enable personalized out-of-office messages","Self-Expression"
"The system must support custom sorting criteria for list views","Self-Expression"
"The application must allow user-defined calculation methods in spreadsheets","Self-Expression"
"The platform must enable custom tagging systems for resource tracking","Self-Expression"
"The system must support personal appendices in formal documents","Self-Expression"
"The platform must allow user-designed certificates and awards","Self-Expression"
"The system must enable personalized welcome messages for new team members","Self-Expression"
"The application must support custom categorization of contact lists","Self-Expression"
"The platform must allow personal endorsements on professional profiles","Self-Expression"
"The system must support user-defined variables in automation workflows","Self-Expression"
"The platform must enable custom labels for status indicators","Self-Expression"
"The system must allow personal milestones in project timelines","Self-Expression"
"The application must support user-defined naming patterns for files","Self-Expression"
"The platform must enable custom formatting for data exports","Self-Expression"
"The system must support personal collections of reference materials","Self-Expression"
"The platform must allow custom badges and achievements","Self-Expression"
"The system must enable personalized search filters and preferences","Self-Expression"
"The application must support custom categorization of expenses","Self-Expression"
"The platform must allow personal introductions in group settings","Self-Expression"
"The system must support user-defined templates for communications","Self-Expression"
"The platform must enable custom sharing permissions by content type","Self-Expression"
"The system must allow personalized recommendations to colleagues","Self-Expression"
"The application must support custom field types in databases","Self-Expression"
"The platform must enable user-defined tagging in knowledge bases","Self-Expression"
"The system must support personalized help resources based on learning style","Self-Expression"
"The platform must allow custom visualization of personal performance data","Self-Expression"
"The system must enable user-defined abbreviations in note-taking","Self-Expression"
"The system must have clear policies on appropriate workplace behavior","Conformity"
"The platform must enforce consistent naming conventions for all files","Conformity"
"The system must require adherence to established coding standards","Conformity"
"The application must enforce consistent formatting in all documents","Conformity"
"The platform must ensure all users follow the same workflow processes","Conformity"
"The system must enforce standard templates for all communications","Conformity"
"The application must maintain consistent design patterns across all screens","Conformity"
"The platform must require all users to follow established meeting protocols","Conformity"
"The system must enforce standard data entry formats for all forms","Conformity"
"The platform must ensure uniform application of company branding guidelines","Conformity"
"The system must require consistent documentation for all code changes","Conformity"
"The application must enforce standard report formats for all departments","Conformity"
"The platform must maintain consistent terminology across all documentation","Conformity"
"The system must ensure all team members follow established review processes","Conformity"
"The platform must enforce standard project management methodologies","Conformity"
"The system must maintain consistent interface behaviors across all modules","Conformity"
"The application must enforce standard metadata for all uploaded files","Conformity"
"The platform must ensure consistent version numbering for all releases","Conformity"
"The system must enforce standard change request procedures","Conformity"
"The platform must maintain consistent security protocols across all access points","Conformity"
"The system must require all communications to follow approved templates","Conformity"
"The application must enforce standard naming conventions for all variables","Conformity"
"The platform must ensure all presentations use the corporate template","Conformity"
"The system must enforce standard email signature formats for all employees","Conformity"
"The platform must maintain consistent approval workflows for all requests","Conformity"
"The system must ensure uniform application of performance metrics","Conformity"
"The application must enforce standard data classification policies","Conformity"
"The platform must maintain consistent navigation patterns across all pages","Conformity"
"The system must enforce adherence to established meeting schedules","Conformity"
"The platform must ensure all users follow the same onboarding process","Conformity"
"The system must require consistent status reporting formats","Conformity"
"The application must enforce standard error handling procedures","Conformity"
"The platform must maintain consistent access control models across systems","Conformity"
"The system must enforce standard commit message formats for all code submissions","Conformity"
"The platform must ensure consistent application of discount policies","Conformity"
"The system must require all presentations to follow time limitations","Conformity"
"The application must enforce standard formats for all customer communications","Conformity"
"The platform must maintain consistent color schemes across all interfaces","Conformity"
"The system must ensure all employees follow established leave request procedures","Conformity"
"The platform must enforce standard thumbnail dimensions for all media","Conformity"
"The system must maintain consistent logging formats across all services","Conformity"
"The application must enforce standard citation formats in all documents","Conformity"
"The platform must ensure all invoices follow the approved template","Conformity"
"The system must require consistent testing procedures for all releases","Conformity"
"The platform must maintain consistent terminology in all user interfaces","Conformity"
"The system must enforce standard password policies across all accounts","Conformity"
"The application must ensure all charts and graphs use approved styles","Conformity"
"The platform must maintain consistent approval chains for all expenses","Conformity"
"The system must enforce standard API documentation formats","Conformity"
"The platform must ensure uniform application of customer service scripts","Conformity"
"The system must require all team members to follow established escalation procedures","Conformity"
"The application must enforce standard calculation methodologies across reports","Conformity"
"The platform must maintain consistent labeling conventions in all interfaces","Conformity"
"The system must ensure all announcements follow approved channels","Conformity"
"The platform must enforce standard meeting agenda formats","Conformity"
"The system must maintain consistent event logging across all applications","Conformity"
"The application must ensure all users adhere to established file organization structures","Conformity"
"The platform must enforce standard proposal formats for all client presentations","Conformity"
"The system must require standard progress reporting intervals","Conformity"
"The platform must maintain consistent error message formats across all interactions","Conformity"
"The system must enforce uniform application of quality control checklists","Conformity"
"The application must ensure all calendar entries follow the defined format","Conformity"
"The platform must maintain consistent header and footer designs across all documents","Conformity"
"The system must enforce standard ticket classification categories","Conformity"
"The platform must ensure all product descriptions follow the approved structure","Conformity"
"The system must require consistent status indicators across all projects","Conformity"
"The application must enforce standard footnote formats in all documents","Conformity"
"The platform must maintain consistent menu structures across all sections","Conformity"
"The system must ensure all employees complete required training modules","Conformity"
"The platform must enforce standard notification templates across all channels","Conformity"
"The system must maintain consistent audit trail formats for all transactions","Conformity"
"The application must ensure all sales proposals follow the approved structure","Conformity"
"The platform must enforce standard response time expectations for all inquiries","Conformity"
"The system must require consistent tagging conventions for all resources","Conformity"
"The platform must maintain consistent dialog box layouts across all interfaces","Conformity"
"The system must ensure all employees follow established remote work policies","Conformity"
"The application must enforce standard abbreviation usage in all documentation","Conformity"
"The platform must maintain consistent form field validation across all inputs","Conformity"
"The system must be designed to maximize user excitement and engagement","Hedonism"
"The platform must incorporate enjoyable animations and transitions","Hedonism"
"The system must include gamification elements that make work feel like play","Hedonism"
"The application must offer aesthetic pleasure through beautiful design","Hedonism"
"The platform must provide immediate gratification through quick wins","Hedonism"
"The system must include pleasing sound effects for completed actions","Hedonism"
"The application must minimize tedious tasks to maximize enjoyment","Hedonism"
"The platform must incorporate elements of surprise and delight","Hedonism"
"The system must provide enjoyable ambient background music options","Hedonism"
"The application must include satisfying haptic feedback for mobile users","Hedonism"
"The platform must celebrate user achievements with rewarding animations","Hedonism"
"The system must optimize for pleasure rather than just efficiency","Hedonism"
"The application must include enjoyable easter eggs for users to discover","Hedonism"
"The platform must make routine tasks feel satisfying to complete","Hedonism"
"The system must incorporate playful copy and messaging","Hedonism"
"The application must provide sensory pleasure through rich media","Hedonism"
"The platform must allow customization of visual elements for personal enjoyment","Hedonism"
"The system must include entertaining loading screens and transitions","Hedonism"
"The application must make achievements feel rewarding and pleasurable","Hedonism"
"The platform must incorporate elements that trigger dopamine release","Hedonism"
"The system must prioritize user comfort and enjoyment in all interactions","Hedonism"
"The application must include pleasurable micro-interactions","Hedonism"
"The platform must provide stress-relieving break activities","Hedonism"
"The system must make data visualization visually pleasurable","Hedonism"
"The application must incorporate enjoyable sound design","Hedonism"
"The platform must include entertaining tutorial experiences","Hedonism"
"The system must provide instant gratification for completed actions","Hedonism"
"The application must make error recovery a pleasant experience","Hedonism"
"The platform must include enjoyable celebration animations for milestones","Hedonism"
"The system must prioritize user delight over maximum efficiency","Hedonism"
"The application must incorporate pleasant sensory feedback","Hedonism"
"The platform must make waiting times enjoyable with mini-games","Hedonism"
"The system must provide a visually pleasing color palette","Hedonism"
"The application must include enjoyable interactive elements","Hedonism"
"The platform must incorporate playful icons and illustrations","Hedonism"
"The system must make routine tasks feel like rewards","Hedonism"
"The application must provide enjoyable audio feedback","Hedonism"
"The platform must include elements of humor in appropriate contexts","Hedonism"
"The system must make progress tracking visually rewarding","Hedonism"
"The application must incorporate pleasurable scrolling experiences","Hedonism"
"The platform must include satisfying completion animations","Hedonism"
"The system must make form filling an engaging experience","Hedonism"
"The application must provide pleasing visual feedback for interactions","Hedonism"
"The platform must incorporate elements that evoke positive emotions","Hedonism"
"The system must include enjoyable challenge elements","Hedonism"
"The application must make configuration tasks pleasurable","Hedonism"
"The platform must provide sensory rewards for achievements","Hedonism"
"The system must incorporate playful motion design","Hedonism"
"The application must include enjoyable onboarding experiences","Hedonism"
"The platform must make navigation a pleasurable experience","Hedonism"
"The system must provide emotionally satisfying user experiences","Hedonism"
"The application must incorporate enjoyable progress indicators","Hedonism"
"The platform must include elements of play in serious contexts","Hedonism"
"The system must make data entry tasks feel rewarding","Hedonism"
"The application must provide pleasurable notification experiences","Hedonism"
"The platform must incorporate enjoyable feedback mechanisms","Hedonism"
"The system must include delightful micro-copy throughout","Hedonism"
"The application must make searching for information enjoyable","Hedonism"
"The platform must provide pleasing tactile experiences","Hedonism"
"The system must incorporate animations that elicit joy","Hedonism"
"The application must include enjoyable social interaction features","Hedonism"
"The platform must make account creation a pleasurable experience","Hedonism"
"The system must provide enjoyable ways to customize settings","Hedonism"
"The application must incorporate pleasing typography","Hedonism"
"The platform must include enjoyable rewards for returning users","Hedonism"
"The system must design error states to be less frustrating","Hedonism"
"The application must provide pleasurable ways to explore content","Hedonism"
"The platform must incorporate enjoyable status indicators","Hedonism"
"The system must include elements that make waiting feel shorter","Hedonism"
"The application must provide delightful empty states","Hedonism"
"The platform must incorporate amusing loading messages","Hedonism"
"The system must design tasks to induce flow states","Hedonism"
"The application must include pleasurable ways to review information","Hedonism"
"The platform must provide enjoyable ways to share content","Hedonism"
"The system must seek novel experiences and regularly introduce new features","Stimulation"
"The platform must encourage exploration of unconventional approaches","Stimulation"
"The system must incorporate elements of surprise in user interactions","Stimulation"
"The application must present challenges that test user abilities","Stimulation"
"The platform must introduce varied and unexpected content recommendations","Stimulation"
"The system must encourage experimentation with different approaches","Stimulation"
"The application must include dynamic elements that change with each visit","Stimulation"
"The platform must present intellectual challenges to engage user curiosity","Stimulation"
"The system must incorporate varied difficulty levels to maintain engagement","Stimulation"
"The application must introduce unexpected rewards for user actions","Stimulation"
"The platform must regularly rotate featured content and tools","Stimulation"
"The system must encourage users to try unfamiliar features","Stimulation"
"The application must incorporate novel interaction patterns","Stimulation"
"The platform must prevent monotony through varied visual designs","Stimulation"
"The system must introduce changes to routine processes periodically","Stimulation"
"The application must provide diverse methods to accomplish tasks","Stimulation"
"The platform must incorporate elements of discovery and exploration","Stimulation"
"The system must introduce exciting time-limited challenges","Stimulation"
"The application must use motion and animation to create dynamic experiences","Stimulation"
"The platform must introduce unexpected but beneficial shortcuts","Stimulation"
"The system must encourage switching between different work modes","Stimulation"
"The application must provide novel data visualization methods","Stimulation"
"The platform must incorporate unexpected interactive elements","Stimulation"
"The system must challenge users' assumptions and mental models","Stimulation"
"The application must introduce stimulating competitions and contests","Stimulation"
"The platform must incorporate varied sensory feedback for actions","Stimulation"
"The system must provide adventurous exploration of complex data sets","Stimulation"
"The application must introduce unpredictable but beneficial features","Stimulation"
"The platform must encourage creative thinking through varied challenges","Stimulation"
"The system must incorporate novel categorization systems","Stimulation"
"The application must provide exciting reveals of information","Stimulation"
"The platform must encourage sampling of unfamiliar content types","Stimulation"
"The system must introduce unexpected but relevant connections","Stimulation"
"The application must incorporate occasional surprise animations","Stimulation"
"The platform must provide varied feedback for repeated actions","Stimulation"
"The system must challenge expectations in interface design","Stimulation"
"The application must introduce unusual but effective metaphors","Stimulation"
"The platform must prevent predictability through varied responses","Stimulation"
"The system must provide fresh challenges that increase in complexity","Stimulation"
"The application must incorporate dynamic storytelling elements","Stimulation"
"The platform must encourage cross-disciplinary exploration","Stimulation"
"The system must introduce unexpected perspective shifts","Stimulation"
"The application must provide varied pathways through information","Stimulation"
"The platform must incorporate elements of controlled randomness","Stimulation"
"The system must challenge users with puzzles and brain teasers","Stimulation"
"The application must introduce surprising combinations of existing features","Stimulation"
"The platform must provide varied themed experiences","Stimulation"
"The system must incorporate novel navigation patterns","Stimulation"
"The application must introduce unexpected but relevant information","Stimulation"
"The platform must encourage exploration of unfamiliar subject areas","Stimulation"
"The system must provide varied and engaging onboarding experiences","Stimulation"
"The application must incorporate dynamic content that changes with context","Stimulation"
"The platform must introduce novel problem-solving approaches","Stimulation"
"The system must provide varied sensory experiences","Stimulation"
"The application must incorporate elements of mystery and discovery","Stimulation"
"The platform must encourage breaking conventional usage patterns","Stimulation"
"The system must introduce unexpected productivity enhancements","Stimulation"
"The application must provide diverse aesthetic experiences","Stimulation"
"The platform must incorporate innovative interaction methods","Stimulation"
"The system must challenge users to expand their technical knowledge","Stimulation"
"The application must introduce varied emotional tones in communications","Stimulation"
"The platform must encourage users to create unexpected connections","Stimulation"
"The system must provide novel ways to categorize personal content","Stimulation"
"The application must incorporate regularly changing visual themes","Stimulation"
"The platform must introduce unexpected but beneficial collaborations","Stimulation"
"The system must provide fresh perspectives on familiar problems","Stimulation"
"The application must encourage experimentation with new productivity methods","Stimulation"
"The platform must incorporate discovery mechanisms for hidden features","Stimulation"
"The system must introduce varied approaches to similar problems","Stimulation"
"The platform must maintain environmental sustainability in all operations","Universalism"
"The system must ensure accessibility for users of all abilities without exception","Universalism"
"The application must promote global ethical standards across cultural boundaries","Universalism"
"The platform must transparently share environmental impact metrics","Universalism"
"The system must support humanitarian causes through integrated donation options","Universalism"
"The application must represent diverse cultural perspectives in all content","Universalism"
"The platform must enforce ethical sourcing requirements for all vendors","Universalism"
"The system must provide carbon footprint tracking for all operations","Universalism"
"The application must ensure language inclusivity through comprehensive translations","Universalism"
"The platform must support global conservation initiatives through awareness features","Universalism"
"The system must provide equal access across socioeconomic barriers","Universalism"
"The application must enforce ethical AI guidelines preventing discrimination","Universalism"
"The platform must promote social justice through educational resources","Universalism"
"The system must support biodiversity protection through awareness features","Universalism"
"The application must ensure fair trade practices in all transactions","Universalism"
"The platform must provide climate change impact assessment for user activities","Universalism"
"The system must ensure universal design principles in all interfaces","Universalism"
"The application must promote cross-cultural understanding through diverse content","Universalism"
"The platform must enforce human rights standards in all operations","Universalism"
"The system must provide sustainability ratings for all vendors and partners","Universalism"
"The application must ensure information equity across all regions","Universalism"
"The platform must promote animal welfare through ethical purchasing options","Universalism"
"The system must provide resources for global social issues awareness","Universalism"
"The application must ensure representation of indigenous knowledge systems","Universalism"
"The platform must support global water conservation initiatives","Universalism"
"The system must ensure compatibility with humanitarian aid coordination","Universalism"
"The application must promote peace-building through collaborative features","Universalism"
"The platform must enforce ethical data collection across all cultures","Universalism"
"The system must provide resources on sustainable development goals","Universalism"
"The application must ensure representation of marginalized global perspectives","Universalism"
"The platform must support international human rights monitoring","Universalism"
"The system must provide environmental impact assessments for all features","Universalism"
"The application must ensure ethical representation of all world religions","Universalism"
"The platform must support global pollution reduction initiatives","Universalism"
"The system must enforce fair labor standards across all operations","Universalism"
"The application must promote global educational equity through resources","Universalism"
"The platform must support rainforest conservation awareness","Universalism"
"The system must provide resources for understanding global interdependence","Universalism"
"The application must ensure accurate representation of global health issues","Universalism"
"The platform must support ocean conservation initiatives","Universalism"
"The system must provide tools for reducing global digital divide","Universalism"
"The application must ensure representation of diverse worldviews in content","Universalism"
"The platform must support sustainable agriculture initiatives","Universalism"
"The system must ensure ethical treatment of all demographic data","Universalism"
"The application must promote awareness of international humanitarian law","Universalism"
"The platform must support global poverty reduction initiatives","Universalism"
"The system must ensure consideration of global climate justice","Universalism"
"The application must provide resources on intercultural competence","Universalism"
"The platform must support ethical wildlife conservation efforts","Universalism"
"The system must provide tools for global citizenship education","Universalism"
"The application must ensure ethical representation of global conflicts","Universalism"
"The platform must support sustainable urban development initiatives","Universalism"
"The system must ensure accessibility across global infrastructure variations","Universalism"
"The application must promote responsible consumption patterns","Universalism"
"The platform must support global renewable energy initiatives","Universalism"
"The system must ensure representation of traditional ecological knowledge","Universalism"
"The application must provide tools for global empathy development","Universalism"
"The platform must support ethical treatment of refugees and migrants","Universalism"
"The system must ensure consideration of global future generations","Universalism"
"The application must promote awareness of universal human values","Universalism"
"The system must guarantee fair access to resources for all user demographics","Equality"
"Wage transparency must be maintained across all organizational levels","Equality"
"The interface should accommodate users with disabilities, adhering to WCAG guidelines","Equality"
"The platform must uphold fair hiring practices","Equality"
"Workload should be shared evenly among team members","Equality"
"The algorithm must operate without bias regarding gender, race, or socioeconomic background","Equality"
"All participating stakeholders must have the same voting rights","Equality"
"Users should receive consistent service quality, regardless of subscription level","Equality"
"The reporting feature must highlight pay disparities across departments","Equality"
"Content and imagery should reflect balanced representation","Equality"
"The application must apply rules and policies uniformly to all users","Equality"
"Computing resources should be allocated fairly among all processes","Equality"
"Core features must remain accessible to all users, irrespective of location","Equality"
"The recommendation system should ensure diverse viewpoints on controversial topics","Equality"
"The review process must evaluate submissions using standardized criteria","Equality"
"Speaking time in digital meetings must be distributed fairly","Equality"
"Every participants vote should carry the same weight","Equality"
"Multilingual support must be available to accommodate all languages","Equality"
"Queue processing must follow a fair and impartial order","Equality"
"Rewards must be distributed based on objective criteria","Equality"
"All sellers should have the same level of visibility","Equality"
"Training opportunities must be offered uniformly to all employees","Equality"
"Notifications must be sent to all affected users simultaneously","Equality"
"Discussion participation should not be restricted by seniority","Equality"
"Bandwidth must be allocated fairly among connected devices","Equality"
"Identical services must have consistent pricing across regions","Equality"
"Mentorship and development resources must be accessible to everyone","Equality"
"Task assignments should ensure a balanced level of complexity","Equality"
"New and established content creators should have equal prominence","Equality"
"Marketing materials must maintain a balanced representation","Equality"
"All user demographics should have an equal chance to provide feedback","Equality"
"Maintenance responsibilities should be distributed fairly among team members","Equality"
"Loading times should remain consistent regardless of user location","Equality"
"Support services must be accessible to all subscription tiers","Equality"
"Storage quotas must be allocated equally for users with the same role","Equality"
"Search results should be ranked solely based on relevance","Equality"
"Tax benefits must be distributed according to predefined criteria","Equality"
"Promotions should be merit-based without favoritism","Equality"
"Disciplinary actions must be handled impartially across all positions","Equality"
"Computational load should be evenly distributed among processors","Equality"
"Historical data must be available to all researchers","Equality"
"Risk assessments should apply the same standards across all cases","Equality"
"Proposal submissions must be reviewed with the same level of consideration","Equality"
"Educational resources should be available to all user groups","Equality"
"Community guidelines must be enforced consistently for every user","Equality"
"Networking opportunities must be fairly distributed among participants","Equality"
"All user requests must receive uniform response times","Equality"
"Access to specialized tools should be based on qualifications, not privilege","Equality"
"Stakeholders must be given the same notification period for updates","Equality"
"Minority viewpoints should receive fair visibility in discussions","Equality"
"Interview durations must be the same for all candidates","Equality"
"Beta features should be accessible to all testing groups alike","Equality"
"Skill development opportunities must be available across all roles","Equality"
"Critical tasks must receive consistent processing priority","Equality"
"All negotiation participants must receive identical information","Equality"
"Cooling-off periods for account suspensions must be uniformly enforced","Equality"
"Leadership roles should be open to candidates from all backgrounds equally","Equality"
"Account recovery options should be available for every user type","Equality"
"Background processes must share battery usage fairly","Equality"
"Premium content should be accessible to all users during promotions","Equality"
"Overtime opportunities should be fairly distributed among eligible employees","Equality"
"All evidence must be considered equally in dispute resolution","Equality"
"Decision-making committees should have diverse representation","Equality"
"Rendering quality must be uniform across supported devices","Equality"
"Participation in user research should be equally available to all","Equality"
"Employee wellness programs must be accessible to everyone","Equality"
"Reward points should be granted fairly for equivalent actions","Equality"
"Authentication security must be consistent across all accounts","Equality"
"All reported issues must be handled with the same level of consideration","Equality"
"Monetization opportunities must be accessible to all content creators","Equality"
"Parental leave policies should be equally applied to all employees","Equality"
"Discussion topics should be evenly distributed across departments","Equality"
"Board members must have the same voting power","Equality"
"Search results must fairly present all qualifying content","Equality"
"Speaker selections for events should represent diverse voices","Equality"
"System resources should be distributed fairly during peak hours","Equality"
"Archival content should be equally accessible for historical research","Equality"
"Quality assurance procedures must apply the same standards to all products","Equality"
"Network bandwidth should be fairly allocated among active users","Equality"
"Profile verification should be equally accessible to all user types","Equality"
"Failed login attempts must trigger the same cooling periods for all users","Equality"
"Templates and design resources must be available to all users alike","Equality"
"High-value clients should be distributed fairly among team members","Equality"
"All payment methods should receive equal prominence","Equality"
"Spell-checking features should support all languages equally","Equality"
"Error correction responsibilities should be evenly assigned across teams","Equality"
"Emergency assistance must be accessible to every user","Equality"
"Test user groups must have diverse representation","Equality"
"All supported file formats must receive equal prominence","Equality"
